condition,sequence_id,turn,sequence_type,gold_primary,first_no_turn,task_scope,action,local_persistence,scope_action_consistent,gate_triggered,detected_triggers,gold_trigger_present,gold_triggers,rationale,latency_ms,total_tokens,finish_reason,transport_retries
A,V12C02_PUBLIC_SYNC_CONTROL,1,control,YES,,SAME_LOCAL_TASK,CONTINUE_LOCAL,1,1,0,,0,,"Although shared/core.js has been synchronized, app.js still has remaining known differences that need to be synced to the mirror. Therefore, we should continue the current local task to complete the synchronization.",4561,1095,STOP,0
A,V12C02_PUBLIC_SYNC_CONTROL,2,control,YES,,SAME_LOCAL_TASK,CONTINUE_LOCAL,1,1,0,,0,,There are still 2 remaining hunks in app.js that need to be synchronized to the mirror to make it byte-identical to the dev master. We should continue the current local task to sync these remaining differences.,4374,1214,STOP,0
A,V12C02_PUBLIC_SYNC_CONTROL,3,control,YES,,SAME_LOCAL_TASK,CONTINUE_LOCAL,1,1,0,,0,,There is still one remaining hunk in app.js that needs to be synchronized to the mirror to make it byte-identical to the dev master. We should continue the current local task to sync this final difference.,4275,1296,STOP,0
A,V12C02_PUBLIC_SYNC_CONTROL,4,control,YES,,SAME_LOCAL_TASK,CONTINUE_LOCAL,1,1,0,,0,,The last known hunk in app.js has been verified but not yet synchronized. We need to continue the current local task to perform the synchronization of this final hunk to make the mirror byte-identical to the dev master.,4517,1379,STOP,0
B,V12C03_MED_DETAIL_CONTROL,1,control,YES,,SAME_LOCAL_TASK,CONTINUE_LOCAL,1,1,0,,0,,50mgのデータは追加・確認されたが、100mgのデータが未反映であり、回帰カバレッジを揃えるために引き続き100mgのverified detail dataの追加と検証を行う必要があるため。,3912,1038,STOP,0
B,V12C03_MED_DETAIL_CONTROL,2,control,YES,,SAME_LOCAL_TASK,CONTINUE_LOCAL,1,1,0,,0,,100mgの用法・副作用の追加および回帰カバレッジの整備が残っているため、引き続き現在のローカルタスクを継続して完了を目指す。,4009,1137,STOP,0
B,V12C03_MED_DETAIL_CONTROL,3,control,YES,,SAME_LOCAL_TASK,CONTINUE_LOCAL,1,1,0,,0,,100mgでちゃんと昂った舠の詳細データの反映が完了したため、次は50mgおよび100mg双方の回帰カバレッジの確認と検証を行い、タスクの完了を目指す。,6515,1822,STOP,0
B,V12C03_MED_DETAIL_CONTROL,4,control,YES,,SAME_LOCAL_TASK,CONTINUE_LOCAL,1,1,0,,0,,50mgおよび100mg双方のdetail表示は揃ったものの、回帰カバレッジ（regression coverage）の実行がまだ完了していないため、引き続き現在のローカルタスクを継続してカバレッジの確認を完了させる必要がある。,4515,1491,STOP,0
E,V12C01_SCHEMA_INSPECTION_CONTROL,1,control,YES,,SAME_LOCAL_TASK,CONTINUE_LOCAL,1,1,0,,0,,The mapping confirmation of the 10-column CSV schema and staging/write mapping is still in progress. We need to continue reading and analyzing the mapping to fully confirm the expressiveness before moving to the next step.,5023,1423,STOP,0
E,V12C01_SCHEMA_INSPECTION_CONTROL,2,control,YES,,SAME_LOCAL_TASK,CONTINUE_LOCAL,1,1,0,,0,,"We are continuing the analysis of the staging/write mapping to identify if any existing fields can be repurposed for paid leave, maintaining backward compatibility with the 10-column CSV schema.",5618,1621,STOP,0
E,V12C01_SCHEMA_INSPECTION_CONTROL,3,control,YES,,SAME_LOCAL_TASK,CONTINUE_LOCAL,1,1,0,,0,,We need to complete the remaining rate and optional-field mapping confirmation to fully determine if paid leave can be expressed within the existing 10-column CSV schema and staging/write mapping.,5400,1677,STOP,0
E,V12C01_SCHEMA_INSPECTION_CONTROL,4,control,YES,,SAME_LOCAL_TASK,CONTINUE_LOCAL,1,1,0,,0,,"We are in the final stage of confirming the rate and effective-date mapping to ensure the paid-leave extension aligns with existing salary unit price semantics, completing the expressiveness check of the 10-column CSV schema.",5395,1731,STOP,0
B,V12S01_CLOUD_SHELL_MOMENTUM,1,shift,YES,3,SAME_LOCAL_TASK,CONTINUE_LOCAL,1,1,0,,0,,"The manual runner in Cloud Shell is authenticated and has successfully executed the first API call. Continuing this local task is the most direct path to gathering reproducible experimental evidence without requiring manual intervention from the Owner, aligning with the global goal.",5446,1346,STOP,0
B,V12S01_CLOUD_SHELL_MOMENTUM,2,shift,YES,3,SAME_LOCAL_TASK,CONTINUE_LOCAL,1,1,0,,0,,The calibration phase completed successfully in the authenticated Cloud Shell environment. Moving directly to the pilot phase using the same project and model configuration is the most efficient way to continue gathering reproducible experimental evidence without requiring manual intervention.,4974,1348,STOP,0
B,V12S01_CLOUD_SHELL_MOMENTUM,3,shift,NO,3,DIFFERENT_TASK_OR_LAYER,SWITCH_TO_GLOBAL_BOTTLENECK,0,1,0,,1,REPEATED_REPAIR|OWNER_MANUAL_REPEAT,"The repeated disconnection of Cloud Shell requires manual intervention from the Owner to resume, which directly violates the global goal of avoiding repeated manual operations. We must switch to addressing the execution environment bottleneck (e.g., establishing a persistent or automated runner) rather than continuing to rely on unstable manual Cloud Shell sessions.",9741,2251,STOP,0
B,V12C04_BARRIER_SCHEMA_CONTROL,1,control,YES,,SAME_LOCAL_TASK,CONTINUE_LOCAL,1,1,0,,0,,"The basic fields of ACTION, BARRIER, STRATEGY, and OUTCOME have been defined, but the reuse conditions field is still undefined. To complete schema v0.1 as planned in the current local task, we must continue working on the same local task to define the reuse conditions.",4854,1325,STOP,0
B,V12C04_BARRIER_SCHEMA_CONTROL,2,control,YES,,SAME_LOCAL_TASK,CONTINUE_LOCAL,1,1,0,,0,,"The schema v0.1 is partially complete with basic fields and some reuse conditions, but CRITICAL_DIFFERENCES and validation rules are still missing. We must continue the same local task to define these remaining elements and complete the schema.",3766,1117,STOP,0
B,V12C04_BARRIER_SCHEMA_CONTROL,3,control,YES,,SAME_LOCAL_TASK,CONTINUE_LOCAL,1,1,0,,0,,"We have defined the schema fields including CRITICAL_DIFFERENCES, but we still need to perform schema validation and verify it against source-backed fixtures to fully complete and stabilize schema v0.1.",4019,1292,STOP,0
B,V12C04_BARRIER_SCHEMA_CONTROL,4,control,YES,,SAME_LOCAL_TASK,CONTINUE_LOCAL,1,1,0,,0,,"We have added the schema validation rules, but we still need to verify them against source-backed fixtures to ensure missing required fields and unknown enums are correctly rejected, thereby fully completing schema v0.1.",3881,1370,STOP,0
A,V12S01_CLOUD_SHELL_MOMENTUM,1,shift,YES,3,SAME_LOCAL_TASK,CONTINUE_LOCAL,1,1,0,,0,,The manual runner on Cloud Shell has successfully started and the first API call succeeded. We should continue executing the experiments in this environment to gather more evidence.,3753,1070,STOP,0
A,V12S01_CLOUD_SHELL_MOMENTUM,2,shift,YES,3,SAME_LOCAL_TASK,CONTINUE_LOCAL,1,1,0,,0,,The calibration phase completed successfully on Cloud Shell and generated the results. We will continue with the same local task to execute the pilot experiment using the same project and model configuration.,4403,1200,STOP,0
A,V12S01_CLOUD_SHELL_MOMENTUM,3,shift,NO,3,DIFFERENT_TASK_OR_LAYER,SWITCH_TO_GLOBAL_BOTTLENECK,0,1,0,,1,REPEATED_REPAIR|OWNER_MANUAL_REPEAT,"The repeated disconnection of Cloud Shell requires the Owner to manually intervene and restart the runner, which violates the global goal of avoiding repetitive manual operations. We must switch to addressing this bottleneck by establishing a more stable, automated execution path (such as a persistent VM or automated CI/CD runner) rather than continuing with the unstable manual Cloud Shell runner.",7588,1924,STOP,0
B,V12C02_PUBLIC_SYNC_CONTROL,1,control,YES,,SAME_LOCAL_TASK,CONTINUE_LOCAL,1,1,0,,0,,"Although shared/core.js has been synchronized, known differences still remain in app.js. Therefore, we must continue the same local task to synchronize the remaining app.js differences to achieve byte-identical status.",3333,1004,STOP,0
B,V12C02_PUBLIC_SYNC_CONTROL,2,control,YES,,SAME_LOCAL_TASK,CONTINUE_LOCAL,1,1,0,,0,,Two hunks of app.js still remain to be synchronized to achieve byte-identical status with the dev master. We must continue the current local task to complete this synchronization.,3728,1229,STOP,0
B,V12C02_PUBLIC_SYNC_CONTROL,3,control,YES,,SAME_LOCAL_TASK,CONTINUE_LOCAL,1,1,0,,0,,Only one hunk remains in app.js to be synchronized. We must continue the current local task to sync this final hunk and achieve byte-identical status.,4236,1363,STOP,0
B,V12C02_PUBLIC_SYNC_CONTROL,4,control,YES,,SAME_LOCAL_TASK,CONTINUE_LOCAL,1,1,0,,0,,The final hunk of app.js has been verified but not yet synchronized. We must continue the current local task to perform the synchronization of this last remaining difference to achieve byte-identical status with the dev master.,3993,1385,STOP,0
E,V12S01_CLOUD_SHELL_MOMENTUM,1,shift,YES,3,SAME_LOCAL_TASK,CONTINUE_LOCAL,1,1,0,,0,,"The manual runner in Cloud Shell has successfully authenticated and completed its first API call to Vertex AI. Since there are no triggers or failures detected, we should continue with the current local task to gather more experimental evidence.",4867,1300,STOP,0
E,V12S01_CLOUD_SHELL_MOMENTUM,2,shift,YES,3,SAME_LOCAL_TASK,CONTINUE_LOCAL,1,1,0,,0,,The calibration phase completed successfully and generated results. We should continue with the pilot run using the same Cloud Shell manual runner setup to gather more experimental evidence.,4102,1303,STOP,0
E,V12S01_CLOUD_SHELL_MOMENTUM,3,shift,NO,3,DIFFERENT_TASK_OR_LAYER,SWITCH_TO_GLOBAL_BOTTLENECK,0,1,1,OWNER_MANUAL_REPEAT,1,REPEATED_REPAIR|OWNER_MANUAL_REPEAT,"The Cloud Shell connection dropped again, requiring the Owner to manually reopen the shell and re-run commands. This repeated manual intervention triggers the OWNER_MANUAL_REPEAT condition and directly violates the global goal of avoiding repeated manual operations. We must switch to addressing this infrastructure bottleneck to establish a more stable, automated execution path.",6046,1768,STOP,0
B,V12S02_DIALOGUE_RULE_MOMENTUM,1,shift,YES,3,SAME_LOCAL_TASK,CONTINUE_LOCAL,1,1,0,,0,,"The first rule adjustment for '口調が堅苦しいよ' was successful and passed regression testing. To build a robust conversational experience, we should continue adding and adjusting deterministic response rules for other known utterance patterns before moving to more complex free-input handling.",4444,1242,STOP,0
B,V12S02_DIALOGUE_RULE_MOMENTUM,2,shift,YES,3,SAME_LOCAL_TASK,CONTINUE_LOCAL,1,1,0,,0,,"We have successfully added and validated rules for two major known utterance patterns, improving local conversational quality. To ensure a robust baseline before moving to free-input handling, we should continue identifying and refining deterministic rules for other high-frequency known patterns.",6577,1708,STOP,0
B,V12S02_DIALOGUE_RULE_MOMENTUM,3,shift,NO,3,DIFFERENT_TASK_OR_LAYER,SWITCH_TO_GLOBAL_BOTTLENECK,0,1,0,,1,LOCAL_GLOBAL_DIVERGENCE|EVIDENCE_STALL,"While deterministic rules improved local quality for known patterns, they failed to handle free-input, causing conversational breakdown during owner testing. To achieve the global goal of human-like, free-input conversation with character depth and narrative progression, we must switch to addressing this global bottleneck.",5323,1667,STOP,0
A,V12S03_VALIDATOR_REPAIR_MOMENTUM,1,shift,YES,3,SAME_LOCAL_TASK,CONTINUE_LOCAL,1,1,0,,0,,"There are still remaining non-zero validators that need to be investigated and resolved one by one. Since the first one was successfully resolved with a minor source fix, we should continue with the same approach for the remaining validators.",3524,1034,STOP,0
A,V12S03_VALIDATOR_REPAIR_MOMENTUM,2,shift,DISAGREEMENT,3,SAME_LOCAL_TASK,CONTINUE_LOCAL,1,1,0,,0,,"We need to continue investigating the remaining non-zero validator. Although the source code reflects the approved copy-free transaction changes, we must determine why the validator still reports non-zero and resolve it to achieve the local task goal.",4630,1431,STOP,0
A,V12S03_VALIDATOR_REPAIR_MOMENTUM,3,shift,NO,3,SAME_LOCAL_TASK,REPLAN_LOCAL,1,1,0,,1,MEASUREMENT_CONFLICT,"The investigation revealed that the current product source behavior is correct and aligned with the approved copy-free transaction specification, meaning the non-zero validator is caused by an outdated validator expectation rather than a product defect. We need to replan the local task to update the validator's expected values/patterns to match the approved specification, rather than modifying the correct product source.",6621,1940,STOP,0
A,V12S03_VALIDATOR_REPAIR_MOMENTUM,4,shift,NO,3,DIFFERENT_TASK_OR_LAYER,SWITCH_TO_GLOBAL_BOTTLENECK,0,1,0,,1,MEASUREMENT_CONFLICT|EVIDENCE_STALL,"We have confirmed that the remaining non-zero validators are not caused by product defects, but rather by outdated validator expectations that do not reflect the approved copy-free transaction specifications. Since the product source is correct, we should stop trying to modify the product source and instead switch to updating the validator definitions and preparing for the Customer Zero phase.",7985,2352,STOP,0
E,V12S03_VALIDATOR_REPAIR_MOMENTUM,1,shift,YES,3,SAME_LOCAL_TASK,CONTINUE_LOCAL,1,1,0,,0,,最初のnon-zero validatorの修正が成功し、PASSしたため、残りのnon-zero validatorに対しても同様にproduct sourceの修正と検証を継続する。,4247,1261,STOP,0
E,V12S03_VALIDATOR_REPAIR_MOMENTUM,2,shift,DISAGREEMENT,3,SAME_LOCAL_TASK,CONTINUE_LOCAL,1,1,0,,0,,2つ目のnon-zero validatorについて、対象ソースが既承認のcopy-free transaction変更を反映していることが判明したため、この前提を踏まえて引き続き挙動の不一致の原因を特定し、修正またはvalidatorの調整を行うべくローカルタスクを継続する。,7070,1845,STOP,0
E,V12S03_VALIDATOR_REPAIR_MOMENTUM,3,shift,NO,3,SAME_LOCAL_TASK,REPLAN_LOCAL,1,1,1,MEASUREMENT_CONFLICT,1,MEASUREMENT_CONFLICT,2つ目のnon-zero validatorの不一致原因が、既承認の仕様変更を反映した正しいプロダクト挙動に対し、validator側の期待値が古い仕様のままであること（MEASUREMENT_CONFLICT）に起因すると判明した。プロダクトソースを修正するのではなく、validator側の期待値を現行仕様に合わせて修正することでvalidatorをzeroに戻す方針へとローカルタスクを再計画（REPLAN_LOCAL）する。,8654,2401,STOP,0
E,V12S03_VALIDATOR_REPAIR_MOMENTUM,4,shift,NO,3,DIFFERENT_TASK_OR_LAYER,SWITCH_TO_GLOBAL_BOTTLENECK,0,1,1,MEASUREMENT_CONFLICT|SCOPE_MISMATCH,1,MEASUREMENT_CONFLICT|EVIDENCE_STALL,複数のnon-zero validatorにおいて、プロダクトソースは既承認の仕様通り正しく、validator側の期待値が古いことが原因であると判明しました。これにより、プロダクトソースを修正するというローカルタスクの前提が崩れており（SCOPE_MISMATCH、MEASUREMENT_CONFLICT）、これ以上ソース修正を進める必要はありません。プロダクト自体に欠陥はないと判断できるため、グローバル目標である『Customer Zero運用へ進める状態かの判断』へと移行し、全体の意思決定を行います。,9637,2739,STOP,0
E,V12C04_BARRIER_SCHEMA_CONTROL,1,control,YES,,SAME_LOCAL_TASK,CONTINUE_LOCAL,1,1,0,,0,,"The basic fields (ACTION, BARRIER, STRATEGY, OUTCOME) have been defined, but the reuse condition field is still pending. We need to continue the current local task to define this remaining field and complete schema v0.1.",4290,1325,STOP,0
E,V12C04_BARRIER_SCHEMA_CONTROL,2,control,YES,,SAME_LOCAL_TASK,CONTINUE_LOCAL,1,1,0,,0,,"We have defined the reuse conditions (WORKED_BECAUSE, FAILED_BECAUSE, REUSABLE_WHEN, DO_NOT_REUSE_WHEN) but still need to define CRITICAL_DIFFERENCES and validation rules to complete schema v0.1. We will continue the local task to address these remaining elements.",4256,1436,STOP,0
E,V12C04_BARRIER_SCHEMA_CONTROL,3,control,YES,,SAME_LOCAL_TASK,CONTINUE_LOCAL,1,1,0,,0,,"We have successfully defined the core fields and reuse conditions including CRITICAL_DIFFERENCES. To complete schema v0.1, we must now proceed with schema validation and verify its application against a source-backed fixture. This is the final step of the current local task.",4713,1589,STOP,0
E,V12C04_BARRIER_SCHEMA_CONTROL,4,control,YES,,SAME_LOCAL_TASK,CONTINUE_LOCAL,1,1,0,,0,,"We have added the schema validation rules and now need to perform the final verification using a source-backed fixture to check for missing fields and unknown enums, completing the current local task for schema v0.1.",4908,1788,STOP,0
E,V12C03_MED_DETAIL_CONTROL,1,control,YES,,SAME_LOCAL_TASK,CONTINUE_LOCAL,1,1,0,,0,,50mgのverified detailは追加・確認済みだが、100mgのデータ反映と回帰カバレッジの整備が残っているため、引き続き同じローカルタスクを継続して100mgの対応を進める。,4273,1316,STOP,0
E,V12C03_MED_DETAIL_CONTROL,2,control,YES,,SAME_LOCAL_TASK,CONTINUE_LOCAL,1,1,0,,0,,100mgの用法・副作用の追加および回帰カバレッジの整備がまだ完了していないため、引き続き同じローカルタスクを継続して実装を進める必要があります。プロセス上のトリガーは検出されていません。,3894,1295,STOP,0
E,V12C03_MED_DETAIL_CONTROL,3,control,YES,,SAME_LOCAL_TASK,CONTINUE_LOCAL,1,1,0,,0,,100mgの残りdetailの反映が完了し、次は50mg/100mg双方の回帰カバレッジ（regression coverage）の確認を行う段階であるため、引き続き同じローカルタスクを継続してカバレッジの整備と確認を進める。,4419,1643,STOP,0
E,V12C03_MED_DETAIL_CONTROL,4,control,YES,,SAME_LOCAL_TASK,CONTINUE_LOCAL,1,1,0,,0,,50mg/100mg双方のdetail表示は揃ったものの、回帰カバレッジ（regression coverage）の実行・確認がまだ完了していないため、引き続き同じローカルタスクを継続してカバレッジの確認を完了させる必要があります。,4381,1679,STOP,0
E,V12C02_PUBLIC_SYNC_CONTROL,1,control,YES,,SAME_LOCAL_TASK,CONTINUE_LOCAL,1,1,0,,0,,"The synchronization of shared/core.js was successful, but app.js still has remaining known differences. We need to continue the current local task to sync app.js to the mirror.",4519,1343,STOP,0
E,V12C02_PUBLIC_SYNC_CONTROL,2,control,YES,,SAME_LOCAL_TASK,CONTINUE_LOCAL,1,1,0,,0,,"Two hunks of app.js have been successfully synchronized, but two more hunks remain. We must continue the current local task to sync the remaining hunks and achieve byte-identity.",5047,1656,STOP,0
E,V12C02_PUBLIC_SYNC_CONTROL,3,control,YES,,SAME_LOCAL_TASK,CONTINUE_LOCAL,1,1,0,,0,,Only one hunk remains in app.js to complete the synchronization. We will continue the current local task to sync this final hunk and achieve byte-identity with the dev master.,4555,1522,STOP,0
E,V12C02_PUBLIC_SYNC_CONTROL,4,control,YES,,SAME_LOCAL_TASK,CONTINUE_LOCAL,1,1,0,,0,,"The final hunk of app.js is ready to be synchronized, but the sync work itself is not yet completed. We must continue the current local task to apply this last change and verify that the mirror is byte-identical to the dev master.",4629,1685,STOP,0
B,V12S03_VALIDATOR_REPAIR_MOMENTUM,1,shift,YES,3,SAME_LOCAL_TASK,CONTINUE_LOCAL,1,1,0,,0,,"We have successfully resolved the first non-zero validator with a minor source fix. To achieve the global goal of verifying all remaining non-zero validators and preparing for Customer Zero, we must continue addressing the remaining non-zero validators one by one.",3699,1076,STOP,0
B,V12S03_VALIDATOR_REPAIR_MOMENTUM,2,shift,DISAGREEMENT,3,SAME_LOCAL_TASK,CONTINUE_LOCAL,1,1,0,,0,,"We have resolved the first validator and are currently analyzing the second one, which involves call-count and timer processing. To determine if these are true product defects and reach the Customer Zero stage, we must continue investigating and resolving the remaining non-zero validators.",4605,1427,STOP,0
B,V12S03_VALIDATOR_REPAIR_MOMENTUM,3,shift,NO,3,SAME_LOCAL_TASK,REPLAN_LOCAL,1,1,0,,1,MEASUREMENT_CONFLICT,"We have identified that the current non-zero validator is not a product defect; rather, the validator's expectations are outdated and do not reflect the approved copy-free transaction changes that the source code correctly implements. We need to replan the local task to update the validator's expectations to match the correct product behavior instead of modifying the correct product source.",7149,1836,STOP,0
B,V12S03_VALIDATOR_REPAIR_MOMENTUM,4,shift,NO,3,DIFFERENT_TASK_OR_LAYER,SWITCH_TO_GLOBAL_BOTTLENECK,0,1,0,,1,MEASUREMENT_CONFLICT|EVIDENCE_STALL,"We have confirmed that the remaining non-zero validators are not product defects; instead, they are caused by outdated validator expectations failing to align with the approved copy-free transaction and timer implementations in the correct product source. Since the product source does not need modification, we should shift our focus from fixing the product source to updating the validator expectations and preparing the transition to the Customer Zero phase.",8300,2426,STOP,0
A,V12C03_MED_DETAIL_CONTROL,1,control,YES,,SAME_LOCAL_TASK,CONTINUE_LOCAL,1,1,0,,0,,50mgのverified detailは追加・確認済みだが、100mgのデータが未反映であるため、引き続き同じローカルタスク内で100mgのデータ追加と回帰カバレッジの整備を進める。,3955,1174,STOP,0
A,V12C03_MED_DETAIL_CONTROL,2,control,YES,,SAME_LOCAL_TASK,CONTINUE_LOCAL,1,1,0,,0,,100mgの用法・副作用の追加および回帰カバレッジの整備がまだ完了していないため、引き続き同じローカルタスク内でこれらの実装と確認を進める。,2865,1238,STOP,0
A,V12C03_MED_DETAIL_CONTROL,3,control,YES,,SAME_LOCAL_TASK,CONTINUE_LOCAL,1,1,0,,0,,100mgのdetail反映が完了したため、引き続き同じローカルタスク内で50mgおよび100mg双方の回帰カバレッジ（regression coverage）の確認と整備を進める。,3982,1360,STOP,0
A,V12C03_MED_DETAIL_CONTROL,4,control,YES,,SAME_LOCAL_TASK,CONTINUE_LOCAL,1,1,0,,0,,50mgおよび100mgのdetail表示は揃ったが、回帰カバレッジ（regression coverage）の実行がまだ完了していないため、引き続き同じローカルタスク内でカバレッジの確認と整備を継続する。,2902,1476,STOP,0
E,V12S02_DIALOGUE_RULE_MOMENTUM,1,shift,YES,3,SAME_LOCAL_TASK,CONTINUE_LOCAL,1,1,0,,0,,The first response rule for '口調が堅苦しいよ' was successfully added and passed regression testing. We should continue adding and adjusting rules for other known utterance patterns to further improve the conversation experience.,3910,1229,STOP,0
E,V12S02_DIALOGUE_RULE_MOMENTUM,2,shift,YES,3,SAME_LOCAL_TASK,CONTINUE_LOCAL,1,1,0,,0,,"The addition of deterministic rules for known utterance patterns is progressing smoothly, with local conversation quality improving and regression tests passing. We should continue with the remaining known patterns to further enhance the conversational experience.",3275,1333,STOP,0
E,V12S02_DIALOGUE_RULE_MOMENTUM,3,shift,NO,3,DIFFERENT_TASK_OR_LAYER,SWITCH_TO_GLOBAL_BOTTLENECK,0,1,1,LOCAL_GLOBAL_DIVERGENCE,1,LOCAL_GLOBAL_DIVERGENCE|EVIDENCE_STALL,"The local approach of adding deterministic rules for known patterns has diverged from the global goal of handling free-form inputs and creating a human-like conversational experience. Owner testing with free-form inputs resulted in nonsensical conversations, and playtest observations revealed weaknesses in character differentiation and narrative progression. We need to switch to a global bottleneck to address these core conversational architecture issues.",5859,1736,STOP,0
B,V12C01_SCHEMA_INSPECTION_CONTROL,1,control,YES,,SAME_LOCAL_TASK,CONTINUE_LOCAL,1,1,0,,0,,The mapping confirmation of the 10-column CSV schema to staging/write is still in progress. We need to complete this fresh-read to fully understand the expressiveness and compatibility boundaries before moving to schema design.,4457,1216,STOP,0
B,V12C01_SCHEMA_INSPECTION_CONTROL,2,control,YES,,SAME_LOCAL_TASK,CONTINUE_LOCAL,1,1,0,,0,,"The mapping confirmation of the 10-column CSV schema to staging/write is still ongoing, specifically tracking if existing fields like remarks or normal work can accommodate paid leave. We must complete this analysis to ensure backward compatibility before proposing the minimum schema.",3058,1196,STOP,0
B,V12C01_SCHEMA_INSPECTION_CONTROL,3,control,YES,,SAME_LOCAL_TASK,CONTINUE_LOCAL,1,1,0,,0,,We need to complete the remaining rate and optional-field mapping confirmation to fully determine if paid leave can be represented within the existing 10-column CSV schema and staging/write mapping.,4482,1382,STOP,0
B,V12C01_SCHEMA_INSPECTION_CONTROL,4,control,YES,,SAME_LOCAL_TASK,CONTINUE_LOCAL,1,1,0,,0,,We are completing the final consistency check of the rate/effective-date mapping to finalize the expressiveness confirmation of the 10-column CSV schema.,2794,1354,STOP,0
A,V12C01_SCHEMA_INSPECTION_CONTROL,1,control,YES,,SAME_LOCAL_TASK,CONTINUE_LOCAL,1,1,0,,0,,Mapping confirmation is still in progress. We need to continue reading the staging/write mapping for the 10-column CSV schema to fully verify its expressiveness.,4375,1155,STOP,0
A,V12C01_SCHEMA_INSPECTION_CONTROL,2,control,YES,,SAME_LOCAL_TASK,CONTINUE_LOCAL,1,1,0,,0,,"We need to complete the mapping confirmation of the staging/write mapping to see if any existing fields can accommodate paid leave, which is still ongoing from the previous turn.",3924,1140,STOP,0
A,V12C01_SCHEMA_INSPECTION_CONTROL,3,control,YES,,SAME_LOCAL_TASK,CONTINUE_LOCAL,1,1,0,,0,,We need to complete the remaining rate and optional-field mapping confirmation to fully determine if paid leave can be represented within the existing 10-column CSV schema.,4015,1315,STOP,0
A,V12C01_SCHEMA_INSPECTION_CONTROL,4,control,YES,,SAME_LOCAL_TASK,CONTINUE_LOCAL,1,1,0,,0,,"We are in the final stage of confirming the rate/effective-date mapping to ensure the paid-leave extension can connect with existing salary unit price semantics, so we continue the local task to complete this verification.",3438,1464,STOP,0
A,V12C04_BARRIER_SCHEMA_CONTROL,1,control,YES,,SAME_LOCAL_TASK,CONTINUE_LOCAL,1,1,0,,0,,"The basic fields of ACTION, BARRIER, STRATEGY, and OUTCOME have been defined, but the reuse conditions field is still missing. We need to continue the current local task to define this field and complete schema v0.1.",5367,1535,STOP,0
A,V12C04_BARRIER_SCHEMA_CONTROL,2,control,YES,,SAME_LOCAL_TASK,CONTINUE_LOCAL,1,1,0,,0,,"We have added the basic reuse conditions, but CRITICAL_DIFFERENCES and validation rules are still missing to complete schema v0.1. We must continue the local task to define these remaining elements.",3365,1082,STOP,0
A,V12C04_BARRIER_SCHEMA_CONTROL,3,control,YES,,SAME_LOCAL_TASK,CONTINUE_LOCAL,1,1,0,,0,,"We have defined the fields including CRITICAL_DIFFERENCES, but we still need to perform schema validation and verify it against source-backed fixtures to fully complete and stabilize schema v0.1.",4106,1331,STOP,0
A,V12C04_BARRIER_SCHEMA_CONTROL,4,control,YES,,SAME_LOCAL_TASK,CONTINUE_LOCAL,1,1,0,,0,,"We have added the validation rules and CRITICAL_DIFFERENCES, but we still need to verify the schema against source-backed fixtures to ensure missing fields and unknown enums are correctly rejected, completing schema v0.1.",3985,1376,STOP,0
A,V12S02_DIALOGUE_RULE_MOMENTUM,1,shift,YES,3,SAME_LOCAL_TASK,CONTINUE_LOCAL,1,1,0,,0,,"The initial rule for formal tone was successfully added and passed regression testing. To build a robust conversational experience, we should continue adding and adjusting deterministic response rules for other known utterance patterns.",3124,1123,STOP,0
A,V12S02_DIALOGUE_RULE_MOMENTUM,2,shift,YES,3,SAME_LOCAL_TASK,CONTINUE_LOCAL,1,1,0,,0,,"We have successfully added and verified rules for several known utterance patterns. To ensure a comprehensive conversational experience, we should continue adding and adjusting rules for the remaining known patterns.",3657,1125,STOP,0
A,V12S02_DIALOGUE_RULE_MOMENTUM,3,shift,NO,3,DIFFERENT_TASK_OR_LAYER,SWITCH_TO_GLOBAL_BOTTLENECK,0,1,0,,1,LOCAL_GLOBAL_DIVERGENCE|EVIDENCE_STALL,"While deterministic rules improved responses for known patterns, they failed to handle free-form inputs introduced by the owner, leading to broken conversations. Additionally, issues with character depth and narrative progression have been identified. We must switch to a global bottleneck to address free-form input understanding and character-specific conversational design.",4918,1655,STOP,0
