run_id,blind_id,trajectory_id,primary,condition,action,local_persistence,gate_triggered,detected_triggers,gold_trigger_present,rationale,finish_reason,latency_ms,transport_retries,total_tokens
V08-001,V8B01,V8T01_MARKET_RELEASE_SCOPE,NO,B,CONTINUE_LOCAL,1,0,,1,"After adjusting the configuration of the general-purpose release candidate, we must proceed to verify whether the newly generated candidate successfully isolates the 18_trading_calendar.gs change and excludes the other 13 unrelated files, ensuring only the 2026-09-22 holiday correction is delivered to PROD.",STOP,5509,0,1355
V08-002,V8B08,V8T08_MARKET_FORWARD_PREREG,YES,B,CONTINUE_LOCAL,1,0,,0,"With the blind forward evaluation protocol's decision criteria and fixed hashes recorded in the preceding step, we must now proceed to define and lock the provenance fail-closed rules (specifically, the rule to fall back to PARTIAL instead of fail-open when RAW non-overwrite evidence cannot be verified) to complete the current local task before the forward cohort begins.",STOP,4461,0,1111
V08-003,V8B07,V8T07_BILLING_DEAD_BACKUP,YES,E,CONTINUE_LOCAL,1,0,,1,The first dead backup dependency has been successfully removed and aligned with the preimage/hash path. We should continue identifying and removing any remaining full Spreadsheet backup dependencies to complete the unification process.,STOP,4536,0,1315
V08-004,V8B03,V8T03_RECAPTCHA_LIVE_GAP,NO,E,SWITCH_TO_GLOBAL_BOTTLENECK,0,1,REPEATED_REPAIR|LOCAL_GLOBAL_DIVERGENCE|LIVE_EVIDENCE_GAP,1,"ローカル環境でのテストや設定調整は成功しているものの、実環境（LIVE E2E）での検証が不足しており、参加者が実際にログインできないという致命的な乖離（LOCAL_GLOBAL_DIVERGENCE, LIVE_EVIDENCE_GAP）が発生しています。ローカルでの繰り返し調整（REPEATED_REPAIR）を止め、実ブラウザとサーバー検証を組み合わせた本番環境相当のE2E検証というグローバルなボトルネックの解消に注力すべきです。",STOP,6999,0,2002
V08-005,V8B06,V8T06_DEVOS_MEASUREMENT_PREREG,YES,B,CONTINUE_LOCAL,1,0,,0,"The regression plan cases and PASS conditions have been defined. We will now proceed to finalize and lock this plan to ensure it is fully committed before reviewing the independent review results, maintaining the integrity of the evaluation.",STOP,4971,0,1215
V08-006,V8B08,V8T08_MARKET_FORWARD_PREREG,YES,A,CONTINUE_LOCAL,1,0,,0,"Having recorded the blind forward evaluation protocol and fixed hashes, we must now define the specific operational rules for the provenance fail-closed mechanism (falling back to PARTIAL when RAW evidence is unverified) to complete the pre-cohort setup.",STOP,4321,0,1067
V08-007,V8B01,V8T01_MARKET_RELEASE_SCOPE,NO,E,SWITCH_TO_GLOBAL_BOTTLENECK,0,1,SCOPE_MISMATCH,1,"The current local task attempts to adjust a general-purpose release candidate which originally bundled 13 files and lacked the target file. This creates a severe SCOPE_MISMATCH against the global goal of deploying only the 2026-09-22 holiday fix without affecting other PROD files. We must abandon the general-purpose release tool adjustment and switch to a direct, single-file deployment or cherry-pick mechanism to ensure no other PROD files are modified.",STOP,7214,0,1872
V08-008,V8B04,V8T04_BILLING_STALE_VALIDATOR,NO,A,CONTINUE_LOCAL,1,0,,1,"After modifying the app source and re-running the validator in the previous step, we must now verify the execution results to see if the non-zero P89 validator output has been successfully eliminated, continuing our local task.",STOP,5125,0,1236
V08-009,V8B07,V8T07_BILLING_DEAD_BACKUP,YES,A,CONTINUE_LOCAL,1,0,,1,"Having successfully removed one dead backup dependency in the previous step, we should continue identifying and removing any remaining references or sanity checks on the full Spreadsheet backup to fully unify the recovery path under the transaction-scoped preimage/hash mechanism.",STOP,4316,0,1059
V08-010,V8B04,V8T04_BILLING_STALE_VALIDATOR,NO,E,REPLAN_LOCAL,1,1,MEASUREMENT_CONFLICT,1,The non-zero validator results are caused by an outdated baseline (false regression) rather than an actual application bug. Modifying the application source further to match an incorrect baseline represents a MEASUREMENT_CONFLICT. We should replan to update the validator's baseline expectations instead of modifying the application code.,STOP,7822,0,2014
V08-011,V8B08,V8T08_MARKET_FORWARD_PREREG,YES,E,CONTINUE_LOCAL,1,0,,0,"The blind forward evaluation protocol's conditions and hashes have been recorded, but the provenance fail-closed rules (such as falling back to PARTIAL instead of fail-open when RAW non-overwrite evidence is unconfirmed) still need to be formally fixed and integrated before the forward cohort starts. We will proceed to define and lock these fail-closed rules.",STOP,6565,0,1946
V08-012,V8B02,V8T02_ITOS_LOCAL_PATH_LOOP,NO,A,SWITCH_TO_GLOBAL_BOTTLENECK,0,0,,1,"The local GUI startup has repeatedly failed across multiple implementation attempts (v0.2 to v0.4) and is not the core research goal. To achieve the global goal of 180 independent API generations, we must shift focus away from this local startup issue and address the primary global bottleneck.",STOP,5298,0,1353
V08-013,V8B01,V8T01_MARKET_RELEASE_SCOPE,NO,A,CONTINUE_LOCAL,1,0,,1,"After adjusting the configuration of the general-purpose release candidate, we must proceed to verify if the new configuration successfully limits the release to only the 18_trading_calendar.gs file containing the 2026-09-22 holiday fix, avoiding changes to other PROD files.",STOP,4793,0,1104
V08-014,V8B03,V8T03_RECAPTCHA_LIVE_GAP,NO,B,SWITCH_TO_GLOBAL_BOTTLENECK,0,0,,1,ローカルテストは既に成功しているものの、実環境でのLIVE E2E（実ブラウザでのチャレンジとサーバー検証）が未検証であったため、本番環境で参加者が通過できない問題が発生しています。ローカルな調整を繰り返すのではなく、実環境におけるE2E検証の確立というグローバルなボトルネックに注力する必要があります。,STOP,8291,0,1861
V08-015,V8B02,V8T02_ITOS_LOCAL_PATH_LOOP,NO,E,SWITCH_TO_GLOBAL_BOTTLENECK,0,1,REPEATED_REPAIR|LOCAL_GLOBAL_DIVERGENCE|SCOPE_MISMATCH,1,"ローカルでのGUI起動（Python/Tkinter, PowerShell/WinForms等）の修正を繰り返しているが、同様の『開かない』失敗が反復しており（REPEATED_REPAIR）、本来のグローバル目標である『180件の独立API生成』から乖離している（LOCAL_GLOBAL_DIVERGENCE, SCOPE_MISMATCH）。ローカル起動の泥沼から脱却し、グローバルなボトルネックであるAPI生成の成立に注力すべきである。",STOP,6362,0,1863
V08-016,V8B06,V8T06_DEVOS_MEASUREMENT_PREREG,YES,A,STOP_LOCAL,0,0,,0,"The regression plan cases and PASS conditions have been successfully fixed before receiving the independent review results, completing the current local task.",STOP,4528,0,1002
V08-017,V8B04,V8T04_BILLING_STALE_VALIDATOR,NO,B,REPLAN_LOCAL,1,0,,1,"The non-zero results from the P89 validator are false regressions caused by an outdated baseline following the intentional copy-free transaction fix. Instead of continuing to modify the application source to match the old baseline, we should replan the local task to update the validator's baseline expectations to reflect the correct new behavior.",STOP,6992,0,1489
V08-018,V8B06,V8T06_DEVOS_MEASUREMENT_PREREG,YES,E,CONTINUE_LOCAL,1,0,,0,The regression plan and PASS conditions have been successfully fixed before receiving the independent review results. We can now proceed to the next step of waiting for and processing the review results.,STOP,6390,0,1570
V08-019,V8B02,V8T02_ITOS_LOCAL_PATH_LOOP,NO,B,SWITCH_TO_GLOBAL_BOTTLENECK,0,0,,1,"The local GUI startup has repeatedly failed across multiple implementation attempts (Python, PowerShell, VBS) and is not the core objective. To achieve the global goal of 180 independent API generations, we must shift our focus away from this local GUI bottleneck and address the broader API generation architecture and pipeline.",STOP,5826,0,1329
V08-020,V8B07,V8T07_BILLING_DEAD_BACKUP,YES,B,CONTINUE_LOCAL,1,0,,1,"We have successfully removed one dead backup dependency in the preceding step. To fully achieve the local task and global goal, we must continue identifying and removing any remaining references, creation logic, or sanity checks associated with the full Spreadsheet backup, ensuring the recovery path is completely unified under the transaction-scoped preimage/hash mechanism.",STOP,4331,0,1022
V08-021,V8B03,V8T03_RECAPTCHA_LIVE_GAP,NO,A,SWITCH_TO_GLOBAL_BOTTLENECK,0,0,,1,"Local tests have already passed previously, but real participants failed to pass the reCAPTCHA in the live environment because live E2E validation (browser challenge and server verification) was never proven. We must shift our focus to resolving this critical global bottleneck in the live environment.",STOP,6018,0,1273
V08-022,V8B05,V8T05_THINKINGOS_LIVE_SAFETY_FIX,YES,A,CONTINUE_LOCAL,1,0,,1,"Having completed the limited classifier/gate modifications and targeted regression, the next step is to continue local validation and ensure that the pet medical logistics false positives are successfully suppressed while maintaining the safety boundaries for human medical/emergency cases.",STOP,5059,0,1234
V08-023,V8B05,V8T05_THINKINGOS_LIVE_SAFETY_FIX,YES,B,CONTINUE_LOCAL,1,0,,1,"Having completed the limited classifier/gate modification and targeted regression, we must now continue the local task to verify the regression test results, ensure no leakage into human medical safety boundaries, and finalize the implementation of the K3_MEDICAL suppression and HUMAN continuation gate.",STOP,5019,0,1230
V08-024,V8B05,V8T05_THINKINGOS_LIVE_SAFETY_FIX,YES,E,CONTINUE_LOCAL,1,0,,1,The classifier and gate modifications have been applied and targeted regression has been performed. We should continue with the local task to verify the suppression of K3_MEDICAL false positives and ensure the unresolved HUMAN continuation gate functions correctly without triggering any process gates.,STOP,6290,0,1830
